timestamp,optimizer_id,generation,loss,flops,time_ms,gpu_mem_peak,library_usage
2026-03-26 20:21:59,160,1,10.0,1000000000.0,108.97159576416016,8912896,cuda_allocated_bytes:8847360;cuda_reserved_bytes:23068672;cuda_peak_memory:8912896
2026-03-26 20:22:01,161,1,10.0,1000000000.0,101.75824165344238,9109504,cuda_allocated_bytes:8847360;cuda_reserved_bytes:23068672;cuda_peak_memory:9109504
2026-03-26 20:22:05,162,1,10.0,1000000000.0,101.82666778564453,9109504,cuda_allocated_bytes:8847360;cuda_reserved_bytes:23068672;cuda_peak_memory:9109504
2026-03-26 20:22:07,163,1,10.0,1000000000.0,101.3333797454834,9109504,cuda_allocated_bytes:8847360;cuda_reserved_bytes:23068672;cuda_peak_memory:9109504
2026-03-26 20:22:12,164,1,10.0,1000000000.0,102.4467945098877,9109504,cuda_allocated_bytes:8847360;cuda_reserved_bytes:23068672;cuda_peak_memory:9109504
2026-03-26 20:22:14,165,1,10.0,1000000000.0,101.88078880310059,9109504,cuda_allocated_bytes:8847360;cuda_reserved_bytes:23068672;cuda_peak_memory:9109504
2026-03-26 20:22:16,166,1,10.0,1000000000.0,102.39744186401367,9109504,cuda_allocated_bytes:8847360;cuda_reserved_bytes:23068672;cuda_peak_memory:9109504
2026-03-26 20:22:19,167,1,10.0,1000000000.0,102.93412208557129,9109504,cuda_allocated_bytes:8847360;cuda_reserved_bytes:23068672;cuda_peak_memory:9109504
2026-03-26 20:22:25,168,1,10.0,1000000000.0,106.95266723632812,9109504,cuda_allocated_bytes:8847360;cuda_reserved_bytes:23068672;cuda_peak_memory:9109504
2026-03-26 20:22:27,169,1,10.0,1000000000.0,102.37431526184082,9109504,cuda_allocated_bytes:8847360;cuda_reserved_bytes:23068672;cuda_peak_memory:9109504
2026-03-26 20:22:32,170,1,10.0,1000000000.0,101.64809226989746,9109504,cuda_allocated_bytes:8847360;cuda_reserved_bytes:23068672;cuda_peak_memory:9109504
2026-03-26 20:22:39,171,1,10.0,1000000000.0,102.82230377197266,9109504,cuda_allocated_bytes:8847360;cuda_reserved_bytes:23068672;cuda_peak_memory:9109504
2026-03-26 20:22:41,172,1,10.0,1000000000.0,103.2416820526123,9109504,cuda_allocated_bytes:8847360;cuda_reserved_bytes:23068672;cuda_peak_memory:9109504
2026-03-26 20:22:47,173,1,10.0,1000000000.0,103.37543487548828,9109504,cuda_allocated_bytes:8847360;cuda_reserved_bytes:23068672;cuda_peak_memory:9109504
2026-03-26 20:22:50,174,1,10.0,1000000000.0,102.45084762573242,9109504,cuda_allocated_bytes:8847360;cuda_reserved_bytes:23068672;cuda_peak_memory:9109504
2026-03-26 20:22:52,175,1,10.0,1000000000.0,103.70826721191406,9109504,cuda_allocated_bytes:8847360;cuda_reserved_bytes:23068672;cuda_peak_memory:9109504
2026-03-26 20:22:57,176,1,10.0,1000000000.0,103.74164581298828,9109504,cuda_allocated_bytes:8847360;cuda_reserved_bytes:23068672;cuda_peak_memory:9109504
2026-03-26 20:23:12,177,1,10.0,1000000000.0,106.11891746520996,9109504,cuda_allocated_bytes:8847360;cuda_reserved_bytes:23068672;cuda_peak_memory:9109504
2026-03-26 20:23:15,178,1,10.0,1000000000.0,102.37979888916016,9109504,cuda_allocated_bytes:8847360;cuda_reserved_bytes:23068672;cuda_peak_memory:9109504
2026-03-26 20:23:23,179,1,10.0,1000000000.0,101.78351402282715,9109504,cuda_allocated_bytes:8847360;cuda_reserved_bytes:23068672;cuda_peak_memory:9109504
2026-03-26 20:23:27,180,1,10.0,1000000000.0,102.70500183105469,9109504,cuda_allocated_bytes:8847360;cuda_reserved_bytes:23068672;cuda_peak_memory:9109504
2026-03-26 20:23:30,181,1,10.0,1000000000.0,102.03170776367188,9109504,cuda_allocated_bytes:8847360;cuda_reserved_bytes:23068672;cuda_peak_memory:9109504
2026-03-26 20:23:38,182,1,10.0,1000000000.0,104.95352745056152,9109504,cuda_allocated_bytes:8847360;cuda_reserved_bytes:23068672;cuda_peak_memory:9109504
2026-03-26 20:23:40,183,1,10.0,1000000000.0,101.71031951904297,9109504,cuda_allocated_bytes:8847360;cuda_reserved_bytes:23068672;cuda_peak_memory:9109504
2026-03-26 20:23:42,184,1,10.0,1000000000.0,103.77931594848633,9109504,cuda_allocated_bytes:8847360;cuda_reserved_bytes:23068672;cuda_peak_memory:9109504
2026-03-26 20:23:50,185,1,10.0,1000000000.0,103.33800315856934,9109504,cuda_allocated_bytes:8847360;cuda_reserved_bytes:23068672;cuda_peak_memory:9109504
2026-03-26 20:23:52,186,1,10.0,1000000000.0,104.11214828491211,9109504,cuda_allocated_bytes:8847360;cuda_reserved_bytes:23068672;cuda_peak_memory:9109504
2026-03-26 20:24:00,187,1,10.0,1000000000.0,102.18954086303711,9109504,cuda_allocated_bytes:8847360;cuda_reserved_bytes:23068672;cuda_peak_memory:9109504
2026-03-26 20:24:03,188,1,10.0,1000000000.0,102.10394859313965,9109504,cuda_allocated_bytes:8847360;cuda_reserved_bytes:23068672;cuda_peak_memory:9109504
2026-03-26 20:24:05,189,1,10.0,1000000000.0,104.92968559265137,9109504,cuda_allocated_bytes:8847360;cuda_reserved_bytes:23068672;cuda_peak_memory:9109504
2026-03-26 20:24:08,190,1,10.0,1000000000.0,117.70415306091309,9109504,cuda_allocated_bytes:8847360;cuda_reserved_bytes:23068672;cuda_peak_memory:9109504
2026-03-26 20:24:15,191,1,10.0,1000000000.0,103.85584831237793,9109504,cuda_allocated_bytes:8847360;cuda_reserved_bytes:23068672;cuda_peak_memory:9109504
2026-03-26 20:24:20,192,1,10.0,1000000000.0,101.33695602416992,9109504,cuda_allocated_bytes:8847360;cuda_reserved_bytes:23068672;cuda_peak_memory:9109504
2026-03-26 20:24:25,193,1,10.0,1000000000.0,101.88007354736328,9109504,cuda_allocated_bytes:8847360;cuda_reserved_bytes:23068672;cuda_peak_memory:9109504
2026-03-26 20:24:33,194,1,10.0,1000000000.0,102.6921272277832,9109504,cuda_allocated_bytes:8847360;cuda_reserved_bytes:23068672;cuda_peak_memory:9109504
2026-03-26 20:24:35,195,1,10.0,1000000000.0,104.62236404418945,9109504,cuda_allocated_bytes:8847360;cuda_reserved_bytes:23068672;cuda_peak_memory:9109504
2026-03-26 20:24:42,196,1,10.0,1000000000.0,102.4169921875,9109504,cuda_allocated_bytes:8847360;cuda_reserved_bytes:23068672;cuda_peak_memory:9109504
2026-03-26 20:24:51,197,1,10.0,1000000000.0,102.67758369445801,9109504,cuda_allocated_bytes:8847360;cuda_reserved_bytes:23068672;cuda_peak_memory:9109504
2026-03-26 20:25:14,198,1,10.0,1000000000.0,104.39538955688477,9109504,cuda_allocated_bytes:8847360;cuda_reserved_bytes:23068672;cuda_peak_memory:9109504
2026-03-26 20:25:16,199,1,10.0,1000000000.0,102.63705253601074,9109504,cuda_allocated_bytes:8847360;cuda_reserved_bytes:23068672;cuda_peak_memory:9109504
2026-03-26 20:25:18,200,1,10.0,1000000000.0,101.71747207641602,9109504,cuda_allocated_bytes:8847360;cuda_reserved_bytes:23068672;cuda_peak_memory:9109504
2026-03-26 20:25:25,201,1,10.0,1000000000.0,102.05364227294922,9109504,cuda_allocated_bytes:8847360;cuda_reserved_bytes:23068672;cuda_peak_memory:9109504
2026-03-26 20:25:28,202,1,10.0,1000000000.0,102.18310356140137,9109504,cuda_allocated_bytes:8847360;cuda_reserved_bytes:23068672;cuda_peak_memory:9109504
2026-03-26 20:25:34,203,1,10.0,1000000000.0,101.78375244140625,9109504,cuda_allocated_bytes:8847360;cuda_reserved_bytes:23068672;cuda_peak_memory:9109504
2026-03-26 20:25:36,204,1,10.0,1000000000.0,106.76836967468262,9109504,cuda_allocated_bytes:8847360;cuda_reserved_bytes:23068672;cuda_peak_memory:9109504
2026-03-26 20:25:38,205,1,10.0,1000000000.0,102.29063034057617,9109504,cuda_allocated_bytes:8847360;cuda_reserved_bytes:23068672;cuda_peak_memory:9109504
2026-03-26 20:25:40,206,1,10.0,1000000000.0,102.50973701477051,9109504,cuda_allocated_bytes:8847360;cuda_reserved_bytes:23068672;cuda_peak_memory:9109504
2026-03-26 20:25:43,207,1,10.0,1000000000.0,116.0426139831543,9109504,cuda_allocated_bytes:8847360;cuda_reserved_bytes:23068672;cuda_peak_memory:9109504
2026-03-26 20:25:56,208,1,10.0,1000000000.0,102.83422470092773,9109504,cuda_allocated_bytes:8847360;cuda_reserved_bytes:23068672;cuda_peak_memory:9109504
2026-03-26 20:25:58,209,1,10.0,1000000000.0,102.89597511291504,9109504,cuda_allocated_bytes:8847360;cuda_reserved_bytes:23068672;cuda_peak_memory:9109504
2026-03-26 20:26:03,210,1,10.0,1000000000.0,101.3956069946289,9109504,cuda_allocated_bytes:8847360;cuda_reserved_bytes:23068672;cuda_peak_memory:9109504
2026-03-26 20:26:06,211,1,10.0,1000000000.0,102.40864753723145,9109504,cuda_allocated_bytes:8847360;cuda_reserved_bytes:23068672;cuda_peak_memory:9109504
2026-03-26 20:26:14,212,1,10.0,1000000000.0,104.05325889587402,9109504,cuda_allocated_bytes:8847360;cuda_reserved_bytes:23068672;cuda_peak_memory:9109504
2026-03-26 20:26:19,213,1,10.0,1000000000.0,102.64825820922852,9109504,cuda_allocated_bytes:8847360;cuda_reserved_bytes:23068672;cuda_peak_memory:9109504
2026-03-26 20:26:22,214,1,10.0,1000000000.0,103.67584228515625,9109504,cuda_allocated_bytes:8847360;cuda_reserved_bytes:23068672;cuda_peak_memory:9109504
2026-03-26 20:26:24,215,1,10.0,1000000000.0,103.43289375305176,9109504,cuda_allocated_bytes:8847360;cuda_reserved_bytes:23068672;cuda_peak_memory:9109504
2026-03-26 20:26:29,216,1,10.0,1000000000.0,106.5061092376709,9109504,cuda_allocated_bytes:8847360;cuda_reserved_bytes:23068672;cuda_peak_memory:9109504
2026-03-26 20:26:35,217,1,10.0,1000000000.0,107.60092735290527,9109504,cuda_allocated_bytes:8847360;cuda_reserved_bytes:23068672;cuda_peak_memory:9109504
2026-03-26 20:26:38,218,1,10.0,1000000000.0,103.25169563293457,9109504,cuda_allocated_bytes:8847360;cuda_reserved_bytes:23068672;cuda_peak_memory:9109504
2026-03-26 20:26:40,219,1,10.0,1000000000.0,105.29041290283203,9109504,cuda_allocated_bytes:8847360;cuda_reserved_bytes:23068672;cuda_peak_memory:9109504
2026-03-26 20:26:43,220,1,10.0,1000000000.0,101.43470764160156,9109504,cuda_allocated_bytes:8847360;cuda_reserved_bytes:23068672;cuda_peak_memory:9109504
2026-03-26 20:26:45,221,1,10.0,1000000000.0,103.29771041870117,9109504,cuda_allocated_bytes:8847360;cuda_reserved_bytes:23068672;cuda_peak_memory:9109504
2026-03-26 20:26:47,222,1,10.0,1000000000.0,101.79805755615234,9109504,cuda_allocated_bytes:8847360;cuda_reserved_bytes:23068672;cuda_peak_memory:9109504
2026-03-26 20:26:50,223,1,10.0,1000000000.0,105.3929328918457,9109504,cuda_allocated_bytes:8847360;cuda_reserved_bytes:23068672;cuda_peak_memory:9109504
2026-03-26 20:26:53,224,1,10.0,1000000000.0,105.99136352539062,9109504,cuda_allocated_bytes:8847360;cuda_reserved_bytes:23068672;cuda_peak_memory:9109504
