AdamW Baseline_loss,AdamW Baseline_ppl,Muon (Polar Express)_loss,Muon (Polar Express)_ppl,Muon (Newton-Schulz)_loss,Muon (Newton-Schulz)_ppl,Muon (SVD)_loss,Muon (SVD)_ppl,Muon (QR)_loss,Muon (QR)_ppl,Muon (Sign)_loss,Muon (Sign)_ppl
5.724391937255859,306.2469912300876,5.737626075744629,310.32684344229807,5.7350311279296875,309.5226054071509,5.717698097229004,304.20386865883904,5.685306549072266,294.5081124030254,5.715736389160156,303.6076944262056
5.6873931884765625,295.12328623502094,5.712742805480957,302.7001784275617,5.717513561248779,304.14773727903685,5.701423645019531,299.29318506473857,5.7175188064575195,304.14933260159063,5.803420543670654,331.4312984558219
5.733825206756592,309.1495705142835,5.676675796508789,291.97722320660023,5.712691307067871,302.68459025011845,5.690427780151367,296.0202251358245,5.7123823165893555,302.5910780416728,5.886995315551758,360.3210053087907
5.696606636047363,297.85495387425505,5.709414482116699,301.6943691091708,5.701649188995361,299.36069645274415,5.734165191650391,309.25469456746515,5.710641384124756,302.0647456978801,6.036979675292969,418.62673486036124
5.725621223449707,306.6236879148941,5.713475704193115,302.92210831463154,5.741840839385986,311.6375579746342,5.692008018493652,296.48837744436935,5.720528602600098,305.0661390978479,6.065369606018066,430.6818308549561
5.729259490966797,307.7412987694228,5.663656711578369,288.2005844739241,5.707413673400879,301.0913398602042,5.703517913818359,299.92064224658725,5.696028232574463,297.6827233486823,6.52701997756958,683.3587497779125
5.705136299133301,300.40642239334636,5.66979455947876,289.97495566596336,5.677536487579346,292.2286335732287,5.702462673187256,299.60432072579545,5.712269306182861,302.5568840331176,6.692553520202637,806.3787297754183
5.680132865905762,292.9883554997833,5.692500114440918,296.63431407778904,5.690025806427002,295.90125669613457,5.689125061035156,295.6348450052882,5.705949783325195,300.65089769402124,6.464310646057129,641.8217685445287
5.705489158630371,300.5124423564442,5.6793413162231445,292.7565324218229,5.67926025390625,292.7328018608589,5.683119773864746,293.8647930182117,5.7201642990112305,304.955022649822,6.939828872680664,1032.5934948832705
5.683525085449219,293.9839239640359,5.67255973815918,290.7778978589212,5.6698832511901855,290.0006751815891,5.666852951049805,289.1232162482949,5.723156929016113,305.8690071273049,6.986334323883057,1081.7488585142714
5.687338829040527,295.1072439356495,5.699669361114502,298.7686001172943,5.6980085372924805,298.2728099329849,5.689351558685303,295.70181318676487,5.688210487365723,295.3645887637384,6.6794891357421875,795.9124049386635
5.69312858581543,296.8207988469164,5.701234817504883,299.23667561188927,5.689200401306152,295.65711905368266,5.688475608825684,295.4429066361478,5.7466230392456055,313.1314402353821,6.671422004699707,789.5175042017082
5.676118850708008,291.8146529938125,5.665807247161865,288.82103699951415,5.6747636795043945,291.41946201548006,5.670345306396484,290.1347024650044,5.678890705108643,292.6246427921688,6.6031646728515625,737.4252099627143
5.668773651123047,289.6790688731252,5.67067813873291,290.2312847478659,5.668146133422852,289.4973471527924,5.667248725891113,289.23766659011324,5.741424560546875,311.5078568515665,6.721190929412842,829.8051626284384
5.694276332855225,297.16166961943276,5.645733833312988,283.0812144456429,5.7039594650268555,300.0531018103122,5.674900531768799,291.45934615780374,5.691434860229492,296.3184913710639,6.813206672668457,909.783512328516
5.6925201416015625,296.64025488033826,5.643398284912109,282.4208360409742,5.645227432250977,282.9378981088473,5.64154052734375,281.89665364801823,5.72960090637207,307.846384327555,6.696169853210449,809.3001430104388
5.707075119018555,300.98942132107214,5.6499481201171875,284.2767171985711,5.627592086791992,277.9919306392915,5.667937278747559,289.43689059189205,5.72928524017334,307.7492229657071,6.919865608215332,1012.1839561856178
5.666814804077148,289.1121872832326,5.661935806274414,287.70504506998986,5.64885139465332,283.9651145865276,5.667447090148926,289.2950466960707,5.745893478393555,312.90307510829757,7.034036159515381,1134.600810811448
5.665074348449707,288.6094379832478,5.657574653625488,286.45305150247816,5.622052192687988,276.4561427607191,5.652354717254639,284.9616806173342,5.712557315826416,302.6440358831272,7.14643669128418,1269.574001488785
5.679827690124512,292.89895619144227,5.679842472076416,292.90328584172573,5.645150661468506,282.9161775787806,5.646317005157471,283.24634758542834,5.707826614379883,301.21569848747515,6.937135696411133,1029.8162800299883
5.690020561218262,295.89970463634717,5.656151294708252,286.0456160294964,5.631513595581055,279.08421874750235,5.658571243286133,286.7386699504222,5.72422456741333,306.19573900854806,6.783332824707031,883.006732108675
5.6897478103637695,295.8190087445006,5.6417436599731445,281.95392187281686,5.632477283477783,279.3532984648863,5.635590553283691,280.2243558689791,5.726908206939697,307.0185615823225,6.730841636657715,837.8521363618547
5.692928314208984,296.76136002085815,5.621776103973389,276.3798268750833,5.6424760818481445,282.1605067373404,5.654123306274414,285.46610664641577,5.746895790100098,313.2168587517318,6.866023540496826,959.1270429374636
5.697042942047119,297.98493813208114,5.639448165893555,281.3074405952882,5.63117790222168,278.9905477518077,5.643606185913086,282.47955771942014,5.738895416259766,310.72100398666464,7.077352523803711,1184.8275597757552
5.684891223907471,294.3858211697793,5.639841079711914,281.41799189304936,5.633899688720703,279.75093479420684,5.628981590270996,278.3784698806686,5.7300004959106445,307.96942110268714,7.060883522033691,1165.4744333571302
5.661950588226318,287.7092979435615,5.630397796630859,278.772990535554,5.61500883102417,274.5158034403717,5.642630577087402,282.2041025599247,5.753466606140137,315.28172561205065,6.845394134521484,939.5435145777482
5.677604675292969,292.24856065499057,5.641129970550537,281.7809428164383,5.611777305603027,273.6301304511773,5.6146240234375,274.41018799866197,5.721370220184326,305.32299619742975,6.836267948150635,931.0080726182898
5.677181243896484,292.12483963436273,5.6410064697265625,281.74614478665706,5.630890846252441,278.91047334318284,5.621570110321045,276.32290024857434,5.750444412231445,314.330321489406,7.045247554779053,1147.3928432425048
5.669355392456055,289.84763618732904,5.618996620178223,275.6127002268886,5.613150119781494,274.0060317361874,5.627343654632568,277.92287708157784,5.777172088623047,322.84492146434576,7.266572952270508,1431.6357523352833
5.669641971588135,289.9307123747253,5.629973411560059,278.6547085405599,5.613672256469727,274.1491376953384,5.600259780883789,270.4966681630767,5.778073310852051,323.1360076310507,7.080566883087158,1188.6421486870502
5.645787715911865,283.0964680081176,5.620378494262695,275.9938255476365,5.5971550941467285,269.65816306637277,5.624754905700684,277.20433499420017,5.777714729309082,323.02015779489346,7.462548732757568,1741.5812305944617
5.673537254333496,291.06227692713685,5.619907379150391,275.8638313090477,5.602254867553711,271.03687115669896,5.609735488891602,273.0719978741892,5.775734901428223,322.38126613685984,7.15217924118042,1276.8855669613702
5.667917728424072,289.4312320623653,5.620105266571045,275.91842669276895,5.6049652099609375,271.77247029498005,5.60798978805542,272.5957117066985,5.734048366546631,309.21856796597217,6.937093734741211,1029.7730681257938
5.653759479522705,285.36226533138125,5.611719131469727,273.614212718498,5.62653923034668,277.6993990672714,5.610346794128418,273.2389792496122,5.7598676681518555,317.3063364055139,7.168709754943848,1298.1685662129682
5.669738292694092,289.95864016658845,5.629950523376465,278.64833071342025,5.607781410217285,272.5389147194305,5.604090690612793,271.534903904757,5.8211164474487305,337.34847530805166,7.1052961349487305,1218.402842978618
5.667572975158691,289.3314668981798,5.597120761871338,269.648905246979,5.613259792327881,274.036084323355,5.613463401794434,274.09188634501743,5.808406829833984,333.08803680653466,6.979466438293457,1074.3449846985047
5.670735836029053,290.2480307913479,5.612235069274902,273.7554170580691,5.591063499450684,268.02050786048346,5.606606483459473,272.2188894958956,5.816651344299316,335.8455374518048,6.99418830871582,1090.278349041372
5.641473293304443,281.8777012344572,5.611895561218262,273.6624906639512,5.591098785400391,268.0299653855022,5.605660915374756,271.9616096589021,5.8186750411987305,336.52587519112984,6.787299156188965,886.5159843372273
5.641641139984131,281.9250174415104,5.593280792236328,268.6154471324992,5.590153694152832,267.7767722752751,5.615254878997803,274.5833558077592,5.794483184814453,328.48237542610616,6.891168117523193,983.5496480322255
5.646677494049072,283.3484731537801,5.606607437133789,272.21914910418275,5.581592559814453,265.49408449556955,5.574926376342773,263.73013814486325,5.821039199829102,337.32241694783477,6.77440881729126,875.1618295301215
5.625507831573486,277.41312790299827,5.621336936950684,276.2584766178448,5.567388534545898,261.7496557453836,5.591690540313721,268.188620372243,5.82014274597168,337.02015846659975,6.863846778869629,957.0415226585316
5.665860652923584,288.83646211888697,5.5903825759887695,267.83806852906685,5.5734405517578125,263.33857239286044,5.590468883514404,267.8611859676225,5.8575849533081055,349.8781508038739,6.886319160461426,978.7920021530551
5.644479751586914,282.7264299784683,5.610860824584961,273.3794685116476,5.5771803855896,264.32525876663874,5.598353385925293,269.98148590505934,5.806543350219727,332.467912014598,7.0113630294799805,1109.1653000397703
5.661440849304199,287.5626786880895,5.598757743835449,270.0906771291606,5.575040817260742,263.76032139103484,5.5948805809021,269.0455190005985,5.812566757202148,334.47654489090144,7.173563003540039,1304.4842142930793
5.635748386383057,280.26858803814184,5.603150367736816,271.27969343191705,5.5787672996521,264.7450532376269,5.575587749481201,263.90461986642794,5.849884033203125,347.19411515463105,7.093175411224365,1203.7240571944153
5.629448890686035,278.5085866546252,5.579811096191406,265.02153747953963,5.577475547790527,264.4032891070141,5.578403472900391,264.6487494248904,5.836005210876465,342.40875411878585,6.970550537109375,1064.808805962731
5.642478942871094,282.16131400618036,5.595456123352051,269.20041068684714,5.563947677612305,260.8505603439389,5.5822672843933105,265.6732803270376,5.825798988342285,338.93182750168546,6.842223167419434,936.5689715834928
5.6399736404418945,281.45529934018094,5.591230392456055,268.06524234137356,5.565032958984375,261.1338102731084,5.581727027893066,265.5297873753899,5.849909782409668,347.20305524271225,6.870181083679199,963.1229558703105
5.648072242736816,283.74394879534105,5.5853962898254395,266.5058753822722,5.553175926208496,258.0558220901084,5.575023174285889,263.7556679153679,5.920324325561523,372.53251610296917,7.040304183959961,1141.7348512414458
5.631766319274902,279.1547588553617,5.579547882080078,264.9517892508308,5.567586421966553,261.80145783493816,5.581174850463867,265.383208292576,5.8793416023254395,357.57373847207424,6.940274238586426,1033.0534792434753
5.622289657592773,276.52179918757713,5.559886455535889,259.7933365530361,5.569990158081055,262.43151639785583,5.561149597167969,260.1216996730776,5.836400508880615,342.5441343719017,6.765439987182617,867.3477457387685
5.627934455871582,278.08712277521005,5.577085494995117,264.30017797568206,5.567876815795898,261.8774944025478,5.568047046661377,261.92207782969933,5.884139537811279,359.29347649768755,6.828973770141602,924.2418410572644
5.604835510253906,271.73722377098494,5.560222625732422,259.88068601136285,5.56460428237915,261.0218923078317,5.567829608917236,261.86513227523625,5.903909206390381,366.4672675376074,6.783275604248047,882.9562075037118
5.643274307250977,282.3858243366462,5.5739545822143555,263.47397123603616,5.555830001831055,258.7416314491511,5.566644668579102,261.55502148453,5.921275615692139,372.8870712245271,6.811020374298096,907.796626871775
5.623867988586426,276.95858672063144,5.578420162200928,264.65316626426323,5.573057651519775,263.2377592927186,5.5757832527160645,263.956219117053,5.890576362609863,361.61364490504747,6.755833625793457,859.0555823702804
5.624842643737793,277.2286574254164,5.585750579833984,266.6003124792108,5.570809364318848,262.64659001587916,5.559003829956055,259.5641374720892,5.925041198730469,374.29385547429297,6.870686054229736,963.6094274161361
5.6262030601501465,277.60606049541184,5.574143886566162,263.52385272662156,5.557259559631348,259.11178207947245,5.5694899559021,262.3002804065278,5.9585113525390625,387.03353868329356,6.516024112701416,675.8857904300005
5.595227241516113,269.13880265336286,5.564334392547607,260.9514546589179,5.554784774780273,258.47132898512956,5.5682692527771,261.9802849839892,5.942933082580566,381.0509459457732,6.72560977935791,833.4800605572507
5.611595153808594,273.58029277105373,5.556639671325684,258.95121148895896,5.563440322875977,260.71825014361616,5.586355209350586,266.7615556385454,5.944324016571045,381.58133143868696,6.550594329833984,699.6598790103869
5.607104301452637,272.3544386937813,5.557732582092285,259.2343767650236,5.572157859802246,263.0010066671652,5.554065704345703,258.28553670114695,5.943105697631836,381.11672675155916,6.650521278381348,773.1872663105288
5.600313186645508,270.5111146294412,5.580613613128662,265.2343071163039,5.56070613861084,260.0063720528627,5.563499450683594,260.73366629791013,5.929521560668945,375.9745897555795,6.6699676513671875,788.3701013552102
5.597162246704102,269.66009181875296,5.565011501312256,261.128207009545,5.569064140319824,262.18861263652104,5.559876441955566,259.7907351046183,5.940057754516602,379.95687313000207,6.766520023345947,868.2850187235995
5.579164981842041,264.8503585678139,5.567197799682617,261.69973572147694,5.571279525756836,262.7701053481216,5.572859764099121,263.18567300529384,5.957428455352783,386.6146480019627,6.749591827392578,853.7102302696586
5.5798869132995605,265.041631407832,5.5641021728515625,260.89086362692234,5.573074817657471,263.24227810712637,5.569892883300781,262.40598967133485,5.954909801483154,385.6421247615383,6.684908866882324,800.2377466917009
5.579715728759766,264.99626426132085,5.568087577819824,261.9326940500791,5.55605411529541,258.7996254309215,5.570533275604248,262.5740862656419,5.9988017082214355,402.94565761294433,6.677864074707031,794.6200490649941
5.594496726989746,268.94226464409115,5.578793048858643,264.75187030045055,5.566408634185791,261.49329278905077,5.565497398376465,261.2551192693634,5.985503196716309,397.6225532805413,6.733892440795898,840.4121622097791
5.5659613609313965,261.3763599853899,5.568042755126953,261.9209537844979,5.557341575622559,259.13303426061157,5.57418966293335,263.5359161673748,5.959768295288086,387.52032354963495,6.719710350036621,828.5774792839582
5.564733505249023,261.05562448529287,5.577724456787109,264.4691096557222,5.57030725479126,262.5147457635413,5.5742926597595215,263.56306092821046,5.965258598327637,389.65377885885647,6.654111862182617,775.9684500329168
5.569457530975342,262.2917754770337,5.560131549835205,259.85701822251394,5.560646057128906,259.99075095399166,5.562579154968262,260.49382460154385,6.019979476928711,411.5701489564817,6.491575241088867,659.5615137289382
5.569303512573242,262.2513808277304,5.5712995529174805,262.7753679399312,5.559643745422363,259.730289734188,5.573974609375,263.4792479244221,6.0481061935424805,423.31060211117426,6.526924133300781,683.2932568968216
5.564967155456543,261.1166273125121,5.5712504386901855,262.7624622477118,5.563180923461914,260.6506287531472,5.5673322677612305,261.73492834820246,6.069160461425781,432.31758189139714,6.604152202606201,738.1537989918348
5.56058406829834,259.9746349308938,5.548335552215576,256.80975355188167,5.562159538269043,260.38453997312877,5.559302806854248,259.64175275480295,6.054834365844727,426.16831158009757,6.589381694793701,727.3310182850544
5.568324089050293,261.9946514003646,5.575031280517578,263.7578059885873,5.568951606750488,262.1591092761922,5.5647358894348145,261.0562468911454,6.010947227478027,407.8694825345815,6.503468036651611,667.4523731559797
5.557866096496582,259.268990599082,5.553003311157227,258.01128161543664,5.56007719039917,259.8428929254787,5.5705084800720215,262.567575682141,6.078984260559082,436.585512299496,6.528954029083252,684.6816796972336
5.5662689208984375,261.4567612535242,5.562301158905029,260.42141840859284,5.559770107269287,259.76311180698605,5.567698955535889,261.8309209452091,6.084168910980225,438.85493355402104,6.5938849449157715,730.6137577327155
5.562771797180176,260.54401154201145,5.575187683105469,263.79906161817973,5.5666046142578125,261.5445452854746,5.569199562072754,262.2241210822962,6.122982978820801,456.22357199331316,6.637600898742676,763.2616527241598
5.5533952713012695,258.11243157662506,5.568368434906006,262.0062700349904,5.561051845550537,260.0962735989457,5.566880226135254,261.6166400032592,6.1220479011535645,455.7971669118795,6.534461498260498,688.4629459903271
5.553769111633301,258.20894245245194,5.572216510772705,263.0164323838001,5.55103063583374,257.502810815803,5.559146881103516,259.60127107573334,6.126741409301758,457.94148287449536,6.5040717124938965,667.8554196720123
5.57389497756958,263.45826743158756,5.562833786010742,260.56016286119353,5.564240455627441,260.92694283425504,5.563004493713379,260.6046462847177,6.132906436920166,460.77342529605534,6.5179266929626465,677.1729414595194
5.5629119873046875,260.58053979982094,5.571964263916016,262.9500956824376,5.563356876373291,260.6964950251623,5.54722785949707,256.52544475029583,6.129221439361572,459.0786009783747,6.345459938049316,569.8994478859132
5.560876369476318,260.0506369301244,5.56546688079834,261.2471465175057,5.558442115783691,259.418377558971,5.564633846282959,261.02960924801874,6.130736827850342,459.7748107866709,6.485965728759766,655.8720529981724
5.56679105758667,261.5933130672147,5.564870357513428,261.0913529833463,5.5670552253723145,261.6624267218657,5.562915325164795,260.58140958266114,6.125691890716553,457.46111689788546,6.465374946594238,642.5052234337076
5.55778694152832,259.2484689825645,5.565587043762207,261.2785406351004,5.551575183868408,257.6430716512694,5.5695719718933105,262.3217941062419,6.1785101890563965,482.2729253936276,6.49870491027832,664.2807725180783
5.559366226196289,259.6582195860813,5.562989234924316,260.60066980372955,5.56070613861084,260.0063720528627,5.565007209777832,261.12708637126025,6.1766510009765625,481.3771223107505,6.416825294494629,612.0569259805275
5.5569167137146,259.0229618896949,5.577021598815918,264.28329074366826,5.56292200088501,260.58314915705114,5.564658164978027,261.0359572246768,6.165604114532471,476.08866816072293,6.3692731857299805,583.6334815562697
5.552063941955566,257.76902756461743,5.570477485656738,262.5594376797774,5.555621147155762,258.68759769252773,5.567689895629883,261.8285487924216,6.181599140167236,483.7649460853793,6.528624534606934,684.4561180284396
5.565082550048828,261.1467604978296,5.575243949890137,263.81390516077073,5.556234836578369,258.84640025773473,5.565061569213867,261.1412814782244,6.155418872833252,471.26420089493786,6.51657772064209,676.2600697630174
5.570268630981445,262.5046066397345,5.565016269683838,261.1294521688353,5.561582565307617,260.23434846637673,5.557082653045654,259.06594755312614,6.148381233215332,467.95925642896515,6.474984169006348,648.7089578221943
5.564179420471191,260.91101760353376,5.556512355804443,258.91824507910485,5.567756175994873,261.84590345933094,5.5732293128967285,263.28295092766297,6.179688453674316,482.8415054208836,6.448333740234375,631.6489242746442
5.549793243408203,257.1843758432872,5.558700084686279,259.48530806576446,5.567722797393799,261.8371635552401,5.563399314880371,260.70755882997616,6.178472995758057,482.25498840640216,6.410893440246582,608.4370404351995
5.556933879852295,259.02740835168913,5.547701835632324,256.6470605083996,5.562473773956299,260.46637494505893,5.567055702209473,261.6625514922634,6.2370195388793945,511.3322317283681,6.356023788452148,575.9516916134988
5.544332504272461,255.78378666351597,5.549194812774658,257.0305148764631,5.550863265991211,257.4597162173746,5.563464164733887,260.7244662251918,6.241287708282471,513.5193484867787,6.377162933349609,588.2564153377944
5.55767822265625,259.2202853135069,5.567736625671387,261.8407843372551,5.5547709465026855,258.46775479655633,5.574429988861084,263.5992582919916,6.131407737731934,460.0833817506146,6.44788932800293,631.3682741335141
5.562705993652344,260.52686739097544,5.562601089477539,260.49953846842146,5.553619384765625,258.1702845304297,5.569870471954346,262.40010886569223,6.20386266708374,494.6560472887866,6.472888946533203,647.3511911435756
5.553956031799316,258.2572114219232,5.559512138366699,259.6961096447091,5.568927764892578,262.1528589904685,5.5601806640625,259.86978121259074,6.151715278625488,469.5220576174108,6.34482479095459,569.5375928350591
5.551845073699951,257.71261628074757,5.562028884887695,260.3505220748557,5.556876182556152,259.01246360174036,5.556613922119141,258.9445437865742,6.14465856552124,466.2204381522998,6.458426475524902,638.0562690921222
5.559622764587402,259.72484043301034,5.5541205406188965,258.299700505741,5.554332733154297,258.3545155895546,5.5714263916015625,262.8087001356711,6.116961479187012,453.4846763269283,6.279541015625,533.5437193864484
5.559497833251953,259.69239468863304,5.562085151672363,260.36517157375573,5.554573059082031,258.41661233962867,5.562421798706055,260.4528374918503,6.094027519226074,443.2028293060885,6.365643501281738,581.518916108998
5.555976867675781,258.77963454803006,5.557094573974609,259.0690358782894,5.555177688598633,258.5729058961167,5.562152862548828,260.38280172459366,6.157045364379883,472.03133183079564,6.325608730316162,558.6978064648928
5.553433895111084,258.1224010546214,5.562705993652344,260.52686739097544,5.566959381103516,261.63734907969774,5.567325115203857,261.73305628080595,6.132335186004639,460.51028322223544,6.308682441711426,549.3207097490045
5.556424140930176,258.89540564607324,5.569021224975586,262.17736096339087,5.561233997344971,260.1436549170723,5.5679779052734375,261.90396879975515,6.118779182434082,454.3097265166219,6.281935214996338,534.822659832263
5.548421382904053,256.8317966558104,5.555087089538574,258.5494804950616,5.571561336517334,262.8441672265729,5.5624470710754395,260.45941983534203,6.1053361892700195,448.2433107186893,6.2911787033081055,539.7892055784537
5.556447505950928,258.90145481326795,5.5631608963012695,260.64540871340455,5.553606986999512,258.16708381546556,5.56779670715332,261.85651659221264,6.04896354675293,423.67368443757016,6.217487335205078,501.44169288306256
5.560820579528809,260.0361291234389,5.568741798400879,262.10411187579854,5.563629150390625,260.7674855711697,5.568410873413086,262.01738942587986,6.130361557006836,459.60230307618576,6.3086323738098145,549.2932071022614
5.559078693389893,259.5835700621077,5.573827266693115,263.4404290453211,5.562689781188965,260.52264364291744,5.573355674743652,263.3162219496554,6.134173393249512,461.3575750716175,6.228333473205566,506.9100000835886
5.548928260803223,256.9620120161955,5.556728363037109,258.9741793335954,5.55256462097168,257.89811942181825,5.560664653778076,259.9955859557318,6.112576484680176,451.50050198842484,6.265897750854492,526.313872658622
5.550836563110352,257.45284139303556,5.557538032531738,259.18394773657707,5.563140869140625,260.64018877820337,5.553826332092285,258.2237177093724,6.122532844543457,456.01825633870044,6.409418106079102,607.5400543205153
5.553075313568115,258.0298597185755,5.56362247467041,260.76574476620544,5.568737506866455,262.10298704939345,5.563608169555664,260.76201450898566,6.1409759521484375,464.5066860121346,6.246814727783203,516.365437890508
5.554736614227295,258.45888116274597,5.565925121307373,261.3668879760075,5.5569281578063965,259.02592618921005,5.564143180847168,260.9015624576787,6.122763633728027,456.1235125657622,6.147213459014893,467.413104635503
5.558445930480957,259.419367163434,5.57371187210083,263.41003119832726,5.557137489318848,259.0801541537162,5.569653511047363,262.3431844754874,6.206708908081055,496.0659631384757,6.208377361297607,496.8943168328295
5.548878192901611,256.9491467895302,5.563676834106445,260.7799202303098,5.553728103637695,258.1983540383809,5.560359001159668,259.91612976772444,6.12337589263916,456.40286375981026,6.313739776611328,552.1058452910488
5.556704521179199,258.9680049816136,5.573359489440918,263.31722642324314,5.5622663497924805,260.4123535279005,5.568563938140869,262.0574981158013,6.160468578338623,473.649964957991,6.34022331237793,566.922898147362
5.552333354949951,257.8384832459047,5.570184707641602,262.48257730082173,5.560274124145508,259.8940697989031,5.559543609619141,259.7042827351418,6.134016036987305,461.2849832795996,6.160229206085205,473.5365998673176
5.556182384490967,258.8328235797903,5.567127227783203,261.68126772571935,5.565525054931641,261.2623447859004,5.5642194747924805,260.9214684265596,6.217066287994385,501.2306066986918,6.235136985778809,510.3705271640769
5.557562351226807,259.19025082860986,5.5702128410339355,262.4899619300266,5.563005447387695,260.6048948167941,5.559630393981934,259.7268219838466,6.172659873962402,479.45971392930585,6.208824157714844,497.1163770374933
5.563791275024414,260.8097658315152,5.554721355438232,258.4549374232854,5.561468601226807,260.20469278793155,5.551414489746094,257.60167325032893,6.130739212036133,459.7759069765486,6.265341758728027,526.0213276232789
5.552089214324951,257.7755420810163,5.569463729858398,262.29340139811603,5.54807186126709,256.7420440719679,5.572633743286133,263.1261942874816,6.189818382263184,487.75751275403036,6.269036293029785,527.9683258729061
5.553558349609375,258.1545275476441,5.570533275604248,262.5740862656419,5.570318222045898,262.51762484539233,5.569364070892334,262.26726281142106,6.175535202026367,480.8403017706211,6.113958358764648,452.12485011714506
5.552440643310547,257.86614779808633,5.546870231628418,256.43372050478547,5.559008598327637,259.56537517329696,5.560795783996582,260.029681469156,6.176557540893555,481.3321348672391,6.256828308105469,521.5620797508274
5.548476219177246,256.8458807405324,5.563235282897949,260.66479795943997,5.555764675140381,258.7247292667168,5.569369316101074,262.268638461568,6.270589351654053,528.7889286919452,6.153265953063965,470.2506982666669
5.548231601715088,256.78305943692703,5.560121536254883,259.8544161364178,5.565145015716553,261.16307371410085,5.564043045043945,260.8754381781697,6.240288734436035,513.0066122356945,6.125988006591797,457.5965984550358
5.553347110748291,258.10000103852286,5.564855575561523,261.0874935720488,5.561895370483398,260.315763850406,5.555841445922852,258.74459252907644,6.268130302429199,527.4902081500437,6.2434186935424805,514.6148174486865
5.5528764724731445,257.9785578793599,5.557317733764648,259.1268561212783,5.552728652954102,257.94042643136635,5.5663371086120605,261.4745900001292,6.313265800476074,551.844222302671,6.201215744018555,493.3484620900293
5.555600166320801,258.6821702676703,5.560727119445801,260.01182726087075,5.566296100616455,261.46386767114365,5.5729546546936035,263.2106480351935,6.313898086547852,552.1932560511844,6.055851936340332,426.60218859290876
5.554712772369385,258.4527190962835,5.5546746253967285,258.44286009552195,5.558106422424316,259.33130714762166,5.578754425048828,264.74164477203976,6.309413433074951,549.7224052437183,6.153518199920654,470.3693324890865
5.553812503814697,258.220146944813,5.552833557128906,257.96748687830205,5.570159435272217,262.47594382799326,5.582248687744141,265.6683397401889,6.27462100982666,530.9251282174992,6.124927043914795,457.1113629968241
5.554691314697266,258.44717336207833,5.556216239929199,258.8415866267991,5.557878494262695,259.27220497531334,5.560363292694092,259.9172452091361,6.243557929992676,514.6864755776819,6.095970630645752,444.06485902361163
5.557383060455322,259.14378457418735,5.56934928894043,262.2633860180095,5.556029319763184,258.7932084360256,5.567784309387207,261.8532701764889,6.350511074066162,572.785369969657,6.011929512023926,408.27032326161424
5.55753755569458,259.18382414806945,5.5629191398620605,260.5824036237477,5.559391021728516,259.66465802965496,5.564971923828125,261.11787241658595,6.379556655883789,589.6662246480486,6.147397041320801,467.49892128803214
5.563208103179932,260.6577132600148,5.5688276290893555,262.1266094176493,5.553931713104248,258.25093101991536,5.5588698387146,259.52936048103027,6.4306793212890625,620.5953885090635,6.005756378173828,405.75777902394964
5.558866024017334,259.5283704569768,5.564011573791504,260.86722823058835,5.546307563781738,256.2894740806711,5.560999870300293,260.0827553813472,6.373159408569336,585.9060242656644,5.937063217163086,378.8207799663666
5.5514607429504395,257.61358842871704,5.5529584884643555,257.9997171141815,5.560467720031738,259.9443890923188,5.566967487335205,261.63946998126426,6.455500602722168,636.1921260603389,6.029965877532959,415.7008444016121
5.559136390686035,259.59854776430564,5.569888114929199,262.40473842505395,5.555844306945801,258.74533280435264,5.573637008666992,263.3903121570112,6.531882286071777,686.6895419443182,6.171477317810059,478.89306101028143
5.557127952575684,259.0776833846087,5.573583602905273,263.3762459723721,5.5609450340271,260.0684938033497,5.560434341430664,259.9357126570582,6.472955703735352,647.3944079404041,6.028768539428711,415.2034077999686
5.555566310882568,258.6734126176808,5.568317413330078,261.992902403212,5.555567741394043,258.67378265323043,5.5672407150268555,261.71096689671566,6.490379333496094,658.7732105695877,5.986852645874023,398.15948690098486
5.555610656738281,258.684883965865,5.564767837524414,261.06458727274054,5.559476375579834,259.6868223541608,5.566495895385742,261.51611200316023,6.486233711242676,656.0478387721083,6.095766067504883,443.97402901185313
5.556561470031738,258.9309619609318,5.560832500457764,260.03922901413665,5.560967445373535,260.0743223537739,5.554791450500488,258.4730544731649,6.648342132568359,771.5042129918115,6.011185646057129,407.9667377903355
5.5612640380859375,260.1514699426078,5.575647830963135,263.9204761234076,5.561530113220215,260.2206989895608,5.566364765167236,261.48182158655453,6.524282932281494,681.4909232607,6.0665602684021,431.19493291548525
5.549777984619141,257.1804515510861,5.568844318389893,262.1309841639183,5.55446720123291,258.3892583607115,5.560179233551025,259.8694094661527,6.616580009460449,747.3846727836984,6.0823469161987305,438.05607013873606
5.551585674285889,257.64577444882866,5.578536510467529,264.68395999277243,5.564700126647949,261.0469109591685,5.563957214355469,260.85304802059926,6.695451736450195,808.7191796384009,6.071895599365234,433.50164866633554
5.559160232543945,259.60473714977803,5.5636162757873535,260.76412831485857,5.567195892333984,261.69923656931985,5.55885124206543,259.524534149441,6.63877010345459,764.1545837528087,5.998195171356201,402.70133032116115
5.551455497741699,257.61223719521513,5.560783386230469,260.0264577019664,5.556142807006836,258.8225798305347,5.548900604248047,256.9549054304044,6.602136135101318,736.6671302199329,6.029029846191406,415.31191743485414
5.560531139373779,259.96087511720316,5.558344841003418,259.3931439206132,5.56156063079834,260.22864041624786,5.566703796386719,261.5704871167416,6.749875068664551,853.9520704891252,6.035398483276367,417.9653286521743
5.550721168518066,257.4231344414141,5.571228981018066,262.7568240374433,5.551169395446777,257.5385442853116,5.5683112144470215,261.991278344882,6.612123489379883,744.0613487120178,6.084103107452393,438.8260563013096
5.552609443664551,257.9096793690892,5.572432994842529,263.0733774151369,5.553768157958984,258.20869620533267,5.562044143676758,260.3544947388633,6.555098533630371,702.8183976594887,6.014890670776367,409.4810682220233
5.551505088806152,257.62501277704854,5.567627429962158,261.8121940081035,5.557393550872803,259.14650311493426,5.559247970581055,259.6275153590829,6.631292343139648,758.4617303557482,6.020925045013428,411.95950060419307
5.555940628051758,258.7702566412961,5.575680732727051,263.92915971545756,5.554581165313721,258.41870713305116,5.575311660766602,263.8317688362885,6.645164489746094,769.0565391432661,5.98246955871582,396.41813819642385
5.55881404876709,259.51488175551924,5.571352005004883,262.7891514179805,5.5634284019470215,260.715142158404,5.5737762451171875,263.42698824235646,6.597820281982422,733.4946340265769,6.029047966003418,415.31944287690385
5.553488731384277,258.13655591321924,5.575628280639648,263.91531644316154,5.5667643547058105,261.58632786540517,5.564365386962891,260.95954282201564,6.648931503295898,771.959049011474,6.013399124145508,408.8707633765301
5.551045894622803,257.50674002685366,5.564339637756348,260.9528234073583,5.541272163391113,255.0021976588052,5.556349754333496,258.876148014215,6.622621536254883,751.9136846074596,6.0227155685424805,412.6977845431804
